favorites_count	video_mention_list	effect_ids	is_stem_verified	username	voice_to_text	sticker_info_list	video_duration	effect_info_list	id	like_count	video_description	comment_count	region_code	view_count	video_label	share_count	hashtag_names	music_id	create_time	hashtag_info_list
"0"	"[]"	"['1143272']"	"False"	"antidiet.gr"			"85"		"7050764335546748166"	"14"	"#dog #dogsofttiktok #dogsofgreece #dogearing"	"0"	"GR"	"219"	"{'content': '', 'sink': False, 'type': 0, 'vote': False, 'warn': False}"	"0"	"['dog', 'dogsofgreece', 'dogsofttiktok', 'dogearing']"	"6739872365850658818"	"1641634001"	"[{'hashtag_name': 'dog', 'hashtag_description': '', 'hashtag_id': 6221}, {'hashtag_description': '', 'hashtag_id': 1623511616311302, 'hashtag_name': 'dogsofttiktok'}, {'hashtag_description': '', 'hashtag_id': 1622907345427622, 'hashtag_name': 'dogsofgreece'}, {'hashtag_id': 1681540806317057, 'hashtag_name': 'dogearing', 'hashtag_description': ''}]"
"4"	"[]"	"['0']"	"False"	"nyahreadsbooks"			"5"		"7083554857352711430"	"155"	"#dogearing #booktok #bookreader #bookish #bookrecs #bookworm #readersoftiktok #booksofbooktok"	"11"	"BE"	"1439"	"{'type': 0, 'vote': False, 'warn': False, 'content': '', 'sink': False}"	"0"	"['bookworm', 'bookish', 'bookreader', 'booktok', 'readersoftiktok', 'bookrecs', 'dogearing', 'booksofbooktok']"	"7069843015024167685"	"1649268638"	"[{'hashtag_description': 'Calling all book lovers, join the #BookTok Post Contest from April 13th to May 11th for a chance to win $3000! Click here to join: https://vt.tiktok.com/ZSHgdjSGp/', 'hashtag_id': 1622962893630470, 'hashtag_name': 'BookTok'}, {'hashtag_description': '', 'hashtag_id': 3893309, 'hashtag_name': 'bookreader'}, {'hashtag_id': 3133261, 'hashtag_name': 'Bookish', 'hashtag_description': "To celebrate Book Lover's Day, show us some of your #bookish habits  📚💚"}, {'hashtag_description': '', 'hashtag_id': 1683563759704066, 'hashtag_name': 'booksofbooktok'}, {'hashtag_description': 'Share and discover new #BookRecs on TikTok!', 'hashtag_id': 1647746061443078, 'hashtag_name': 'BookRecs'}, {'hashtag_id': 13057, 'hashtag_name': 'Bookworm', 'hashtag_description': 'What are you reading?'}, {'hashtag_description': '', 'hashtag_id': 1681540806317057, 'hashtag_name': 'dogearing'}, {'hashtag_description': '', 'hashtag_id': 1639268776501254, 'hashtag_name': 'readersoftiktok'}]"
"120"	"[]"	"['0']"	"False"	"julietontiktok"		"[{'sticker_id': 11, 'sticker_name': ''}]"	"19"		"7092261519852850475"	"3804"	"And before you come for me I would never do this to a book I don't own!! I am gentle with borrowed books 💘 #fyp #booktok #bookish #bookishhottakes #hottake #dogearing #hotgirlsread #bookishhumor"	"117"	"US"	"20066"	"{'warn': False, 'content': '', 'sink': False, 'type': 0, 'vote': False}"	"11"	"['fyp', 'bookish', 'hottake', 'booktok', 'hotgirlsread', 'bookishhottakes', 'bookishhumor', 'dogearing']"	"7092261448814054190"	"1651295816"	"[{'hashtag_description': 'Calling all book lovers, join the #BookTok Post Contest from April 13th to May 11th for a chance to win $3000! Click here to join: https://vt.tiktok.com/ZSHgdjSGp/', 'hashtag_id': 1622962893630470, 'hashtag_name': 'BookTok'}, {'hashtag_id': 1611462162965670, 'hashtag_name': 'hottake', 'hashtag_description': ''}, {'hashtag_description': '', 'hashtag_id': 1656142872999941, 'hashtag_name': 'hotgirlsread'}, {'hashtag_description': '', 'hashtag_id': 1678940130961413, 'hashtag_name': 'bookishhumor'}, {'hashtag_name': 'bookishhottakes', 'hashtag_description': '', 'hashtag_id': 1664269482591238}, {'hashtag_description': '', 'hashtag_id': 1681540806317057, 'hashtag_name': 'dogearing'}, {'hashtag_name': 'fyp', 'hashtag_description': '', 'hashtag_id': 229207}, {'hashtag_description': "To celebrate Book Lover's Day, show us some of your #bookish habits  📚💚", 'hashtag_id': 3133261, 'hashtag_name': 'Bookish'}]"
"0"	"[]"	"nan"	"False"	"writerisabellaclangbein"		"nan"	"57"		"7133629574251826437"	"121"	"Bookish confession: I dog ear my books 😅 #bookishwouldyourather #dogearing #booktok #booktokcommunity #booktokchallenge #bookishgame #library #wouldyourather"	"0"	"DE"	"749"	"{'content': '', 'sink': False, 'type': 0, 'vote': False, 'warn': False}"	"0"	"['library', 'wouldyourather', 'booktok', 'booktokchallenge', 'booktokcommunity', 'dogearing', 'bookishgame', 'bookishwouldyourather']"	"7133629571190049542"	"1660927570"	"[{'hashtag_description': 'Calling all book lovers, join the #BookTok Post Contest from April 13th to May 11th for a chance to win $3000! Click here to join: https://vt.tiktok.com/ZSHgdjSGp/', 'hashtag_id': 1622962893630470, 'hashtag_name': 'BookTok'}, {'hashtag_id': 1671414083768326, 'hashtag_name': 'booktokcommunity', 'hashtag_description': ''}, {'hashtag_description': '', 'hashtag_id': 1702912557560837, 'hashtag_name': 'bookishgame'}, {'hashtag_description': '', 'hashtag_id': 21041, 'hashtag_name': 'library'}, {'hashtag_id': 7023736433189863471, 'hashtag_name': 'bookishwouldyourather', 'hashtag_description': ''}, {'hashtag_name': 'dogearing', 'hashtag_description': '', 'hashtag_id': 1681540806317057}, {'hashtag_name': 'BookTokChallenge', 'hashtag_description': 'Share your favourite book reviews with #BookTokChallenge.', 'hashtag_id': 1663416938019846}, {'hashtag_name': 'wouldyourather', 'hashtag_description': 'The #WouldYouRather Challenge\n\nWould you rather time travel to the past or future?\nWould you rather be a ninja or a pirate?\n...so many questions!\n\nRespond to a question below using the react feature and then record your own question for the community!\n\nCatch more videos from this challenge on the MTV EMA Red Carpet!', 'hashtag_id': 2905181}]"
"4"	"[]"	"nan"	"False"	"amberbayleyauthor"		"nan"	"5"		"7133156711589825798"	"79"	"Guilty. #spinecracking #dogearing #badhabits #amberbayleywrites #booktok #books #book #bookworm #bookclub #bookish #booklovers #booklover #booklove #booktoker #📚 #romance #romantic #fiction #romancebooks #fyp #foryoupage #foryou #viral #bookstan #trend #read #reading #reader #readersoftiktok #booktokcommunity #booktokuk "	"13"	"GB"	"1457"	"{'content': '', 'sink': False, 'type': 0, 'vote': False, 'warn': False}"	"5"	"['romantic', 'reading', 'bookworm', 'books', 'viral', 'read', 'foryou', 'trend', 'badhabits', 'romance', 'book', 'fiction', 'fyp', 'reader', 'booklover', 'bookclub', 'bookish', 'booklovers', 'booklove', 'romancebooks', 'foryoupage', '📚', 'booktok', 'readersoftiktok', 'bookstan', 'booktoker', 'booktokcommunity', 'booktokuk', 'dogearing', 'spinecracking', 'amberbayleywrites']"	"7057909832648575791"	"1660817475"	"[{'hashtag_description': '', 'hashtag_id': 94639, 'hashtag_name': 'book'}, {'hashtag_description': '', 'hashtag_id': 3220000, 'hashtag_name': 'booklovers'}, {'hashtag_description': '', 'hashtag_id': 17861, 'hashtag_name': 'books'}, {'hashtag_id': 1671757528967173, 'hashtag_name': 'booktokuk', 'hashtag_description': ''}, {'hashtag_description': 'Calling all book lovers, join the #BookTok Post Contest from April 13th to May 11th for a chance to win $3000! Click here to join: https://vt.tiktok.com/ZSHgdjSGp/', 'hashtag_id': 1622962893630470, 'hashtag_name': 'BookTok'}, {'hashtag_description': '', 'hashtag_id': 5154255, 'hashtag_name': 'booklove'}, {'hashtag_description': 'Explore another world without leaving the comfort of your home. Welcome to the #BookClub 📚', 'hashtag_id': 2103574, 'hashtag_name': 'BookClub'}, {'hashtag_description': '', 'hashtag_id': 1681540806317057, 'hashtag_name': 'dogearing'}, {'hashtag_name': 'booktokcommunity', 'hashtag_description': '', 'hashtag_id': 1671414083768326}, {'hashtag_description': '', 'hashtag_id': 124460, 'hashtag_name': 'fiction'}, {'hashtag_name': 'reader', 'hashtag_description': '', 'hashtag_id': 454742}, {'hashtag_description': '', 'hashtag_id': 9332, 'hashtag_name': 'romantic'}, {'hashtag_id': 80879614, 'hashtag_name': 'romancebooks', 'hashtag_description': ''}, {'hashtag_name': 'bookstan', 'hashtag_description': '', 'hashtag_id': 1640589425846277}, {'hashtag_description': '', 'hashtag_id': 1592381495238677, 'hashtag_name': '📚'}, {'hashtag_name': 'BadHabits', 'hashtag_description': 'Where do your #BadHabits lead to?', 'hashtag_id': 49256}, {'hashtag_description': '', 'hashtag_id': 7129225785294585861, 'hashtag_name': 'amberbayleywrites'}, {'hashtag_description': '', 'hashtag_id': 88764338, 'hashtag_name': 'foryoupage'}, {'hashtag_id': 13057, 'hashtag_name': 'Bookworm', 'hashtag_description': 'What are you reading?'}, {'hashtag_id': 44895, 'hashtag_name': 'trend', 'hashtag_description': ''}, {'hashtag_description': '', 'hashtag_id': 1685987473446914, 'hashtag_name': 'spinecracking'}, {'hashtag_description': '', 'hashtag_id': 1639268776501254, 'hashtag_name': 'readersoftiktok'}, {'hashtag_description': 'In celebration of World Book Day, join the #BookLover Post Contest and post videos sharing why you love reading books, who are some of your favorite authors, and all things related to the joys of reading. From April 23rd until May 21st, sign up and post for a chance to win up to $5000 in cash! Click link for official contest rules and how to enter: https://vt.tiktok.com/ZMBp5eEwD/', 'hashtag_id': 1732644, 'hashtag_name': 'BookLover'}, {'hashtag_name': 'Viral', 'hashtag_description': '¡descubre las canciones en tendencia! 🔥➡️ https://bit.ly/TendenciasTikTok_LATAM', 'hashtag_id': 20884}, {'hashtag_description': '', 'hashtag_id': 10705, 'hashtag_name': 'reading'}, {'hashtag_description': '', 'hashtag_id': 42164, 'hashtag_name': 'foryou'}, {'hashtag_name': 'fyp', 'hashtag_description': '', 'hashtag_id': 229207}, {'hashtag_description': '', 'hashtag_id': 1645803417138182, 'hashtag_name': 'booktoker'}, {'hashtag_description': "To celebrate Book Lover's Day, show us some of your #bookish habits  📚💚", 'hashtag_id': 3133261, 'hashtag_name': 'Bookish'}, {'hashtag_description': '', 'hashtag_id': 22301, 'hashtag_name': 'read'}, {'hashtag_name': 'romance', 'hashtag_description': '', 'hashtag_id': 57155}]"
"2"	"[]"	"['0']"	"False"	"bunchobutts22"		"[{'sticker_id': 11, 'sticker_name': ''}]"	"56"		"7132956551106612526"	"110"	"What have i done?!? #bookmonster #dogearing #bookannotation #fakebooktokdrama #booktokwithbutts #bookishhumor"	"38"	"US"	"629"	"{'content': '', 'sink': False, 'type': 0, 'vote': False, 'warn': False}"	"0"	"['bookmonster', 'bookishhumor', 'dogearing', 'bookannotation', 'booktokwithbutts', 'fakebooktokdrama']"	"7132956535923264298"	"1660770867"	"[{'hashtag_description': '', 'hashtag_id': 1681540806317057, 'hashtag_name': 'dogearing'}, {'hashtag_description': '', 'hashtag_id': 1692317066481669, 'hashtag_name': 'bookannotation'}, {'hashtag_description': '', 'hashtag_id': 7132955877073502254, 'hashtag_name': 'fakebooktokdrama'}, {'hashtag_name': 'booktokwithbutts', 'hashtag_description': '', 'hashtag_id': 7132101787032485931}, {'hashtag_id': 1678940130961413, 'hashtag_name': 'bookishhumor', 'hashtag_description': ''}, {'hashtag_description': '', 'hashtag_id': 53732948, 'hashtag_name': 'bookmonster'}]"
"0"	"[]"	"nan"	"False"	"flatriverlibrary"		"[{'sticker_id': 18, 'sticker_name': 'fun fact:\n pages do not unfold themselves!'}, {'sticker_id': 18, 'sticker_name': 'nearly every single\n page was dog eared'}, {'sticker_id': 18, 'sticker_name': 'some were even\n double folded over!'}, {'sticker_id': 18, 'sticker_name': ' besides this just being\n tedious for us to undo '}, {'sticker_id': 18, 'sticker_name': 'fortunately, we will\n not be replacing this,'}, {'sticker_id': 18, 'sticker_name': 'someone dog-eared\n the pages of this book'}, {'sticker_id': 18, 'sticker_name': 'it also damages \nthe material.'}, {'sticker_id': 18, 'sticker_name': 'and when materials get\n damaged, they need to be replaced.'}, {'sticker_id': 18, 'sticker_name': 'please, please, please \nuse a bookmark!!!!!'}, {'sticker_id': 18, 'sticker_name': 'and therefore, not charging\n the patron for a replacement.'}]"	"53"		"7132849176429382958"	"71"	"my face talks, I can't help it. #fyp #fypシ #publiclibrary #librarytiktok #booktok #librariansoftiktok #dogearing #dogearingsucks #bookmarks #usebookmarks"	"10"	"US"	"694"	"{'sink': False, 'type': 0, 'vote': False, 'warn': False, 'content': ''}"	"1"	"['fyp', 'bookmarks', 'publiclibrary', 'librarytiktok', 'booktok', 'librariansoftiktok', 'fypシ', 'usebookmarks', 'dogearing', 'dogearingsucks']"	"6985978687116019713"	"1660745869"	"[{'hashtag_description': '', 'hashtag_id': 229207, 'hashtag_name': 'fyp'}, {'hashtag_description': '', 'hashtag_id': 3365919, 'hashtag_name': 'publiclibrary'}, {'hashtag_description': 'Calling all book lovers, join the #BookTok Post Contest from April 13th to May 11th for a chance to win $3000! Click here to join: https://vt.tiktok.com/ZSHgdjSGp/', 'hashtag_id': 1622962893630470, 'hashtag_name': 'BookTok'}, {'hashtag_description': '', 'hashtag_id': 1675386111141894, 'hashtag_name': 'usebookmarks'}, {'hashtag_description': '', 'hashtag_id': 280484, 'hashtag_name': 'bookmarks'}, {'hashtag_description': '', 'hashtag_id': 1637342470396934, 'hashtag_name': 'fypシ'}, {'hashtag_description': '', 'hashtag_id': 1618243113285637, 'hashtag_name': 'librarytiktok'}, {'hashtag_description': '', 'hashtag_id': 7071094729789669381, 'hashtag_name': 'dogearingsucks'}, {'hashtag_description': '', 'hashtag_id': 1628091562390534, 'hashtag_name': 'librariansoftiktok'}, {'hashtag_description': '', 'hashtag_id': 1681540806317057, 'hashtag_name': 'dogearing'}]"
"3"	"[]"	"['0']"	"False"	"bunchobutts22"		"[{'sticker_id': 11, 'sticker_name': ''}]"	"59"		"7132472358362942766"	"232"	"Disclaimer: its a joke. Im just bored and wanted to stir the pot with some lighthearted defense of my greatest book shame #booktokwithbutts #booktokdiscussion #annotatingbooks #dogearing"	"73"	"US"	"1214"	"{'type': 0, 'vote': False, 'warn': False, 'content': '', 'sink': False}"	"3"	"['annotatingbooks', 'dogearing', 'booktokdiscussion', 'booktokwithbutts']"	"7132472339089935147"	"1660658135"	"[{'hashtag_description': '', 'hashtag_id': 7132101787032485931, 'hashtag_name': 'booktokwithbutts'}, {'hashtag_description': '', 'hashtag_id': 1698413736714245, 'hashtag_name': 'booktokdiscussion'}, {'hashtag_description': '', 'hashtag_id': 1673890607525893, 'hashtag_name': 'annotatingbooks'}, {'hashtag_description': '', 'hashtag_id': 1681540806317057, 'hashtag_name': 'dogearing'}]"
"1"	"[]"		"False"	"thesimplysyn"			"20"		"7144447046358011182"	"40"	"Dog-Earing Books! #booktok #booktube #bookhumor #bookhabits #dogearing #dogearingsucks #dogearingmypages #booktuberlife #booktuber #booktubertiktok"	"4"	"US"	"779"	"{'sink': False, 'type': 0, 'vote': False, 'warn': False, 'content': ''}"	"0"	"['bookhumor', 'booktube', 'booktuber', 'booktuberlife', 'booktok', 'bookhabits', 'dogearing', 'booktubertiktok', 'dogearingmypages', 'dogearingsucks']"	"7144447073105152814"	"1663446217"	"[{'hashtag_name': 'bookhumor', 'hashtag_description': '', 'hashtag_id': 10885487}, {'hashtag_description': '', 'hashtag_id': 1681540806317057, 'hashtag_name': 'dogearing'}, {'hashtag_description': '', 'hashtag_id': 63868928, 'hashtag_name': 'booktuberlife'}, {'hashtag_id': 1668952399709189, 'hashtag_name': 'bookhabits', 'hashtag_description': ''}, {'hashtag_description': '', 'hashtag_id': 17435488, 'hashtag_name': 'booktuber'}, {'hashtag_description': '', 'hashtag_id': 17082903, 'hashtag_name': 'booktube'}, {'hashtag_description': '', 'hashtag_id': 7071094729789669381, 'hashtag_name': 'dogearingsucks'}, {'hashtag_description': '', 'hashtag_id': 7043030453376253958, 'hashtag_name': 'dogearingmypages'}, {'hashtag_id': 1681569893782530, 'hashtag_name': 'booktubertiktok', 'hashtag_description': ''}, {'hashtag_description': 'Calling all book lovers, join the #BookTok Post Contest from April 13th to May 11th for a chance to win $3000! Click here to join: https://vt.tiktok.com/ZSHgdjSGp/', 'hashtag_id': 1622962893630470, 'hashtag_name': 'BookTok'}]"
"11"	"[]"	"['0']"	"False"	"bookishwithb"		"[{'sticker_name': 'cc love u ', 'sticker_id': 18}, {'sticker_id': 18, 'sticker_name': 'Cc what?!'}, {'sticker_name': 'cc u gon help me fight? \nno ', 'sticker_id': 18}, {'sticker_name': 'getting asked to help fight a girl that rips whole pages out of books instead of using a bookmark ', 'sticker_id': 18}]"	"5"		"7148523625652489478"	"618"	"they can j b3at me up fr #booktok #celinesbooks #dogearing #bookclub #fyp "	"8"	"GB"	"5196"	"{'content': '', 'sink': False, 'type': 0, 'vote': False, 'warn': False}"	"2"	"['fyp', 'bookclub', 'booktok', 'dogearing', 'celinesbooks']"	"7119528445981362990"	"1664395361"	"[{'hashtag_name': 'fyp', 'hashtag_description': '', 'hashtag_id': 229207}, {'hashtag_id': 1622962893630470, 'hashtag_name': 'BookTok', 'hashtag_description': 'Calling all book lovers, join the #BookTok Post Contest from April 13th to May 11th for a chance to win $3000! Click here to join: https://vt.tiktok.com/ZSHgdjSGp/'}, {'hashtag_description': '', 'hashtag_id': 1701917187674118, 'hashtag_name': 'celinesbooks'}, {'hashtag_description': '', 'hashtag_id': 1681540806317057, 'hashtag_name': 'dogearing'}, {'hashtag_description': 'Explore another world without leaving the comfort of your home. Welcome to the #BookClub 📚', 'hashtag_id': 2103574, 'hashtag_name': 'BookClub'}]"
"2"	"[]"	"nan"	"False"	"your_bookbestie_courtney"		"[{'sticker_name': '', 'sticker_id': 3}, {'sticker_id': 18, 'sticker_name': 'Bookmarks '}, {'sticker_name': 'or', 'sticker_id': 18}, {'sticker_id': 18, 'sticker_name': 'DogEaring'}]"	"16"	"[{'effect_id': 1216495, 'effect_name': 'Gentle Glow', 'effect_photo_url': 'ec4b6cca6a7a9b5b25e020eb5fe2e55b'}]"	"7187591512375495978"	"30"	"CRUCIAL BOOKTOK QUESTION 🕵🏻 There can only be 1 right answer...  #booktok #books #inverted #booktoker #2023tbr #bookrecommendations #amreading #readinglist  #booksuggestions #bookcommunity #fyp #fypシ゚viral #bookmarks #bookmark #bookish #januaryreads  #currentread #newadultbooks #newadultbooktok #romancebooks #dogearing #bookmarksordogearing #booktokquestion "	"14"	"US"	"334"	"{'warn': False, 'content': '', 'sink': False, 'type': 0, 'vote': False}"	"4"	"['books', 'fyp', 'bookmarks', 'inverted', 'bookmark', 'bookish', 'currentread', 'booksuggestions', 'readinglist', 'amreading', 'bookrecommendations', 'romancebooks', 'booktok', 'bookcommunity', 'booktoker', 'fypシ゚viral', 'newadultbooks', 'januaryreads', 'dogearing', 'newadultbooktok', 'booktokquestion', '2023tbr', 'bookmarksordogearing']"	"6781515050600368129"	"1673491573"	"[{'hashtag_description': '', 'hashtag_id': 1665532102221830, 'hashtag_name': 'newadultbooks'}, {'hashtag_description': 'Calling all book lovers, join the #BookTok Post Contest from April 13th to May 11th for a chance to win $3000! Click here to join: https://vt.tiktok.com/ZSHgdjSGp/', 'hashtag_id': 1622962893630470, 'hashtag_name': 'BookTok'}, {'hashtag_description': 'Do you love your reflection? Use our new #Inverted Creative Effect and flip your face.', 'hashtag_id': 1004238, 'hashtag_name': 'Inverted'}, {'hashtag_description': '', 'hashtag_id': 31227255, 'hashtag_name': 'booksuggestions'}, {'hashtag_id': 58993759, 'hashtag_name': 'BookRecommendations', 'hashtag_description': 'Thank you to all who participated in the Book Recommendations Post Contest! Check out the winner showcase here: https://vt.tiktok.com/ZMA9fBqpn/'}, {'hashtag_description': '', 'hashtag_id': 7157475714546008106, 'hashtag_name': '2023tbr'}, {'hashtag_description': '', 'hashtag_id': 1664119477821441, 'hashtag_name': 'fypシ゚viral'}, {'hashtag_description': '', 'hashtag_id': 1681540806317057, 'hashtag_name': 'dogearing'}, {'hashtag_description': '', 'hashtag_id': 229207, 'hashtag_name': 'fyp'}, {'hashtag_description': '', 'hashtag_id': 1695505689449478, 'hashtag_name': 'booktokquestion'}, {'hashtag_description': '', 'hashtag_id': 56202640, 'hashtag_name': 'amreading'}, {'hashtag_description': '', 'hashtag_id': 1636598672466949, 'hashtag_name': 'bookcommunity'}, {'hashtag_name': 'januaryreads', 'hashtag_description': '', 'hashtag_id': 1665582480622594}, {'hashtag_description': '', 'hashtag_id': 280484, 'hashtag_name': 'bookmarks'}, {'hashtag_description': '', 'hashtag_id': 80879614, 'hashtag_name': 'romancebooks'}, {'hashtag_description': '', 'hashtag_id': 1645803417138182, 'hashtag_name': 'booktoker'}, {'hashtag_id': 3008601, 'hashtag_name': 'bookmark', 'hashtag_description': ''}, {'hashtag_description': '', 'hashtag_id': 7187590931926188075, 'hashtag_name': 'bookmarksordogearing'}, {'hashtag_description': "To celebrate Book Lover's Day, show us some of your #bookish habits  📚💚", 'hashtag_id': 3133261, 'hashtag_name': 'Bookish'}, {'hashtag_description': '', 'hashtag_id': 17861, 'hashtag_name': 'books'}, {'hashtag_id': 13281281, 'hashtag_name': 'currentread', 'hashtag_description': ''}, {'hashtag_description': "Whether you're working through the final chapters or just cracking open a book, tell us about what you're reading because it's time for the TikTok #BookClub.", 'hashtag_id': 31814052, 'hashtag_name': 'ReadingList'}, {'hashtag_description': '', 'hashtag_id': 1685449385847813, 'hashtag_name': 'newadultbooktok'}]"
"1"	"[]"	"nan"	"False"	"writerisabellaclangbein"		"[{'sticker_id': 18, 'sticker_name': 'when I finally confess to booktok that I dogear my books...'}]"	"10"	"nan"	"7187020575708155141"	"12"	"Sorry? 😅 #booktok #booktokconfession #booktokfyp #dogearingpages #dogearing #horrifiedlooksfromeveryoneintheroom #bookishconfession #bookwormstruggles "	"5"	"DE"	"333"	"{'vote': False, 'warn': False, 'content': '', 'sink': False, 'type': 0}"	"0"	"['bookwormstruggles', 'booktok', 'booktokfyp', 'dogearing', 'booktokconfession', 'bookishconfession', 'dogearingpages', 'horrifiedlooksfromeveryoneintheroom']"	"7170388867534490374"	"1673358633"	"[{'hashtag_description': '', 'hashtag_id': 1681540806317057, 'hashtag_name': 'dogearing'}, {'hashtag_description': '', 'hashtag_id': 7063517790489018373, 'hashtag_name': 'dogearingpages'}, {'hashtag_name': 'horrifiedlooksfromeveryoneintheroom', 'hashtag_description': '', 'hashtag_id': 7181529252485922822}, {'hashtag_description': '', 'hashtag_id': 1700956242899973, 'hashtag_name': 'bookishconfession'}, {'hashtag_description': 'Calling all book lovers, join the #BookTok Post Contest from April 13th to May 11th for a chance to win $3000! Click here to join: https://vt.tiktok.com/ZSHgdjSGp/', 'hashtag_id': 1622962893630470, 'hashtag_name': 'BookTok'}, {'hashtag_description': '', 'hashtag_id': 13583583, 'hashtag_name': 'bookwormstruggles'}, {'hashtag_description': '', 'hashtag_id': 1690882984404998, 'hashtag_name': 'booktokconfession'}, {'hashtag_name': 'booktokfyp', 'hashtag_description': '', 'hashtag_id': 1670322054393861}]"
"17"	"[]"	"['0']"	"False"	"mauveread.s"		"[{'sticker_id': 18, 'sticker_name': 'dog earing your book when you’re too lazy to go get your tabs'}]"	"5"	"[{'effect_id': 1111275, 'effect_name': 'Jelly Look', 'effect_photo_url': '3319ab086d89fef9f0206529800b4c0b'}]"	"7181928923544997162"	"865"	"‘ill just tab it later’ *doesnt tab it later* #booktok#bookish#bookworm#dogearing#booktabs#readerlife#bookishhumor "	"2"	"US"	"6844"	"{'warn': False, 'content': '', 'sink': False, 'type': 0, 'vote': False}"	"6"	"['bookworm', 'bookish', 'booktok', 'readerlife', 'booktabs', 'bookishhumor', 'dogearing']"	"7055797133202737967"	"1672173147"	"[{'hashtag_description': '', 'hashtag_id': 1647330578953222, 'hashtag_name': 'booktabs'}, {'hashtag_description': '', 'hashtag_id': 1637995969481733, 'hashtag_name': 'readerlife'}, {'hashtag_description': '', 'hashtag_id': 1678940130961413, 'hashtag_name': 'bookishhumor'}, {'hashtag_description': 'Calling all book lovers, join the #BookTok Post Contest from April 13th to May 11th for a chance to win $3000! Click here to join: https://vt.tiktok.com/ZSHgdjSGp/', 'hashtag_id': 1622962893630470, 'hashtag_name': 'BookTok'}, {'hashtag_description': "To celebrate Book Lover's Day, show us some of your #bookish habits  📚💚", 'hashtag_id': 3133261, 'hashtag_name': 'Bookish'}, {'hashtag_description': 'What are you reading?', 'hashtag_id': 13057, 'hashtag_name': 'Bookworm'}, {'hashtag_id': 1681540806317057, 'hashtag_name': 'dogearing', 'hashtag_description': ''}]"
"0"	"[]"	"nan"	"False"	"crystalrainshopnz"		"nan"	"14"	"nan"	"7179940699163364609"	"6"	"The perfect gift for us Dog lover's, more earrings in shop😊 67 Manners street Wellington and  159 Jackson street Petone  #doglover #doglove #dogearing #crystalshop "	"0"	"NZ"	"238"	"{'content': '', 'sink': False, 'type': 0, 'vote': False, 'warn': False}"	"0"	"['doglover', 'doglove', 'crystalshop', 'dogearing']"	"7084465663108089857"	"1671710218"	"[{'hashtag_description': '', 'hashtag_id': 18013, 'hashtag_name': 'doglover'}, {'hashtag_description': '', 'hashtag_id': 136583, 'hashtag_name': 'doglove'}, {'hashtag_description': '', 'hashtag_id': 1681540806317057, 'hashtag_name': 'dogearing'}, {'hashtag_description': '', 'hashtag_id': 30721655, 'hashtag_name': 'crystalshop'}]"
"8"	"[]"	"nan"	"False"	"mirelleisreading"		"[{'sticker_name': 'The worst bookish crime', 'sticker_id': 18}]"	"14"		"7193400986810010886"	"246"	"SORRY hij kwam gecrackt binnen en het las gewoon lekker 🫣 #boektok #crackedspine #crackingspines #dogearing #booktok #mirelleisreading #bookishcrime "	"16"	"NL"	"2175"	"{'vote': False, 'warn': False, 'content': '', 'sink': False, 'type': 0}"	"9"	"['booktok', 'crackedspine', 'boektok', 'dogearing', 'crackingspines', 'mirelleisreading', 'bookishcrime']"	"7193400984169155333"	"1674844185"	"[{'hashtag_description': '', 'hashtag_id': 1626208472293382, 'hashtag_name': 'crackedspine'}, {'hashtag_name': 'crackingspines', 'hashtag_description': '', 'hashtag_id': 1686460484554757}, {'hashtag_name': 'dogearing', 'hashtag_description': '', 'hashtag_id': 1681540806317057}, {'hashtag_id': 1622962893630470, 'hashtag_name': 'BookTok', 'hashtag_description': 'Calling all book lovers, join the #BookTok Post Contest from April 13th to May 11th for a chance to win $3000! Click here to join: https://vt.tiktok.com/ZSHgdjSGp/'}, {'hashtag_description': '', 'hashtag_id': 1701386557276165, 'hashtag_name': 'mirelleisreading'}, {'hashtag_id': 1705409193078786, 'hashtag_name': 'bookishcrime', 'hashtag_description': ''}, {'hashtag_description': '', 'hashtag_id': 1667293815959558, 'hashtag_name': 'boektok'}]"
"10"	"['Kelleyleigh20reads']"	"['0']"	"False"	"aspens_bookshelf"		"[{'sticker_id': 18, 'sticker_name': "i'm not"}]"	"9"		"7189504182662008066"	"4"	"#stitch with @Kelleyleigh20 dog-earing is the best way (of course only if it's your book) #booktok #books #dogear #dogearing #horrorbooks #horror #birdbox #joshmallerman #reading #read "	"1"	"AU"	"132"	"{'type': 0, 'vote': False, 'warn': False, 'content': '', 'sink': False}"	"0"	"['horror', 'stitch', 'reading', 'books', 'read', 'dogear', 'horrorbooks', 'birdbox', 'booktok', 'dogearing', 'joshmallerman']"	"7189504193202981633"	"1673936898"	"[{'hashtag_description': '', 'hashtag_id': 22301, 'hashtag_name': 'read'}, {'hashtag_description': '', 'hashtag_id': 1598824242928646, 'hashtag_name': 'birdbox'}, {'hashtag_id': 17861, 'hashtag_name': 'books', 'hashtag_description': ''}, {'hashtag_description': 'Calling all book lovers, join the #BookTok Post Contest from April 13th to May 11th for a chance to win $3000! Click here to join: https://vt.tiktok.com/ZSHgdjSGp/', 'hashtag_id': 1622962893630470, 'hashtag_name': 'BookTok'}, {'hashtag_name': 'dogearing', 'hashtag_description': '', 'hashtag_id': 1681540806317057}, {'hashtag_description': '', 'hashtag_id': 12017123, 'hashtag_name': 'horrorbooks'}, {'hashtag_description': '', 'hashtag_id': 10705, 'hashtag_name': 'reading'}, {'hashtag_description': '', 'hashtag_id': 7511, 'hashtag_name': 'horror'}, {'hashtag_id': 7107332255928254507, 'hashtag_name': 'joshmallerman', 'hashtag_description': ''}, {'hashtag_description': '', 'hashtag_id': 10753240, 'hashtag_name': 'dogear'}, {'hashtag_description': 'Let your Fyp inspire your next TikTok by stitching your favorite &amp; most relatable videos. Just find a TikTok video you love, press share, and send it to Stitch. 😍', 'hashtag_id': 8288, 'hashtag_name': 'Stitch'}]"
"0"	"[]"		"False"	"leif.erickson"		"[{'sticker_id': 18, 'sticker_name': 'book Tok take this as a threat '}]"	"4"		"7206201425620241707"	"2"	"#booktok #dogearing "	"0"	"US"	"13"	"{'type': 0, 'vote': False, 'warn': False, 'content': '', 'sink': False}"	"0"	"['booktok', 'dogearing']"	"7206201366539258666"	"1677824530"	"[{'hashtag_description': '', 'hashtag_id': 1681540806317057, 'hashtag_name': 'dogearing'}, {'hashtag_name': 'BookTok', 'hashtag_description': 'Calling all book lovers, join the #BookTok Post Contest from April 13th to May 11th for a chance to win $3000! Click here to join: https://vt.tiktok.com/ZSHgdjSGp/', 'hashtag_id': 1622962893630470}]"
"6"	"[]"		"False"	"theheartbreakbooks"		"[{'sticker_id': 18, 'sticker_name': "i'm a"}, {'sticker_id': 18, 'sticker_name': '✨ messy reader who lives for drama ✨'}, {'sticker_id': 18, 'sticker_name': 'i came here to make one thing fcking clear'}, {'sticker_id': 18, 'sticker_name': '1. cracking spines'}, {'sticker_id': 18, 'sticker_name': '2. dog-earing pages'}, {'sticker_id': 18, 'sticker_name': '3. not using bookmarks'}, {'sticker_name': 'i love', 'sticker_id': 18}]"	"12"		"7217898211485633797"	"25"	"if the cover isn't close to falling off, it's not cracked enough #booktok #breakingbookspines #booksins #reader #dogearing #booktokgermany #bookishproblems #readersoftiktok "	"2"	"DE"	"437"	"{'vote': False, 'warn': False, 'content': '', 'sink': False, 'type': 0}"	"2"	"['reader', 'bookishproblems', 'booktok', 'readersoftiktok', 'booktokgermany', 'booksins', 'breakingbookspines', 'dogearing']"	"7213310901525007109"	"1680547892"	"[{'hashtag_description': '', 'hashtag_id': 1673287545081862, 'hashtag_name': 'booksins'}, {'hashtag_description': '', 'hashtag_id': 454742, 'hashtag_name': 'reader'}, {'hashtag_name': 'dogearing', 'hashtag_description': '', 'hashtag_id': 1681540806317057}, {'hashtag_description': '', 'hashtag_id': 1639268776501254, 'hashtag_name': 'readersoftiktok'}, {'hashtag_description': 'Calling all book lovers, join the #BookTok Post Contest from April 13th to May 11th for a chance to win $3000! Click here to join: https://vt.tiktok.com/ZSHgdjSGp/', 'hashtag_id': 1622962893630470, 'hashtag_name': 'BookTok'}, {'hashtag_id': 1676743084104710, 'hashtag_name': 'breakingbookspines', 'hashtag_description': ''}, {'hashtag_description': '', 'hashtag_id': 1671208062289926, 'hashtag_name': 'booktokgermany'}, {'hashtag_name': 'bookishproblems', 'hashtag_description': '', 'hashtag_id': 30267441}]"
"4"	"[]"		"False"	"bookswithboz"		"nan"	"15"		"7213291423863508229"	"14"	"✨QOTD: Do you have any bad bookish habits?✨ No books were harmed THAT much (at least not more than they already were) in the making of this video👀 Ok first off,  I apologise for committing such crimes against Lizzie Blake…if it helps, she’s a 5 star from me and I love her dearly ( 10/10 reccommend!) i’m just a terrible booklover🤣 Secondly, i’ve had the plan of doing this video in my head since the first time I heard anti hero and I just haven’t gotten round to it yet partly because this is the first time doing a video with my face in front of the camera rather than behind🤣 so yes… it’s me… hi👋🏻👋🏻 Thirdly, please don’t hate me too much and banish me from booktok, bookstagram or any other bookish community… I would be very sad🤣 #booktok #booktokker #bookhabits #bookishpetpeeves #bookishthings #readersofbooktok #readersoftiktok #booklover #bookloversoftiktok #dogearing #badbookhabits #antihero #bookishcontent #bookishfyp #bookfyp #bookishcommunity #bookishpost #bookrecs #bookrecommendations #bookrecommendation #5starreads #bookobsessed #readersgonnaread #bookstagrammer #bookstagram #booktokuk #booktokkeruk #bookishvibes #bookishlife #romancebooks #romancebooktok "	"0"	"GB"	"243"	"{'content': '', 'sink': False, 'type': 0, 'vote': False, 'warn': False}"	"0"	"['antihero', 'booklover', 'bookstagram', 'bookrecommendation', 'bookrecommendations', 'bookobsessed', 'romancebooks', 'readersgonnaread', 'booktok', 'bookishlife', 'bookstagrammer', 'readersoftiktok', 'bookrecs', 'bookfyp', 'bookloversoftiktok', 'bookishcommunity', 'bookishpost', 'readersofbooktok', 'bookishthings', 'booktokker', 'bookishpetpeeves', 'bookhabits', 'bookishfyp', 'bookishcontent', 'booktokuk', 'romancebooktok', '5starreads', 'bookishvibes', 'dogearing', 'badbookhabits', 'booktokkeruk']"	"7213291445821295365"	"1679475296"	"[{'hashtag_description': '', 'hashtag_id': 1663675792851973, 'hashtag_name': 'bookishcommunity'}, {'hashtag_id': 1647746061443078, 'hashtag_name': 'BookRecs', 'hashtag_description': 'Share and discover new #BookRecs on TikTok!'}, {'hashtag_description': '', 'hashtag_id': 1597397189798917, 'hashtag_name': 'readersgonnaread'}, {'hashtag_description': '', 'hashtag_id': 1681540806317057, 'hashtag_name': 'dogearing'}, {'hashtag_description': '', 'hashtag_id': 1664549423659013, 'hashtag_name': 'bookishpost'}, {'hashtag_name': 'badbookhabits', 'hashtag_description': '', 'hashtag_id': 1706498787903490}, {'hashtag_description': '', 'hashtag_id': 1512199, 'hashtag_name': 'antihero'}, {'hashtag_name': 'bookobsessed', 'hashtag_description': '', 'hashtag_id': 79151151}, {'hashtag_description': '', 'hashtag_id': 1668968266944518, 'hashtag_name': 'bookishfyp'}, {'hashtag_id': 1665352177111045, 'hashtag_name': 'bookishthings', 'hashtag_description': ''}, {'hashtag_description': '', 'hashtag_id': 1672948052794373, 'hashtag_name': 'romancebooktok'}, {'hashtag_description': 'Calling all book lovers, join the #BookTok Post Contest from April 13th to May 11th for a chance to win $3000! Click here to join: https://vt.tiktok.com/ZSHgdjSGp/', 'hashtag_id': 1622962893630470, 'hashtag_name': 'BookTok'}, {'hashtag_description': '', 'hashtag_id': 1677754497161217, 'hashtag_name': '5starreads'}, {'hashtag_description': '', 'hashtag_id': 1662697386598406, 'hashtag_name': 'bookloversoftiktok'}, {'hashtag_id': 58993759, 'hashtag_name': 'BookRecommendations', 'hashtag_description': 'Thank you to all who participated in the Book Recommendations Post Contest! Check out the winner showcase here: https://vt.tiktok.com/ZMA9fBqpn/'}, {'hashtag_description': 'In celebration of World Book Day, join the #BookLover Post Contest and post videos sharing why you love reading books, who are some of your favorite authors, and all things related to the joys of reading. From April 23rd until May 21st, sign up and post for a chance to win up to $5000 in cash! Click link for official contest rules and how to enter: https://vt.tiktok.com/ZMBp5eEwD/', 'hashtag_id': 1732644, 'hashtag_name': 'BookLover'}, {'hashtag_description': '', 'hashtag_id': 5956262, 'hashtag_name': 'bookstagram'}, {'hashtag_description': '', 'hashtag_id': 1670304069005318, 'hashtag_name': 'bookishcontent'}, {'hashtag_description': '', 'hashtag_id': 80879614, 'hashtag_name': 'romancebooks'}, {'hashtag_description': '', 'hashtag_id': 1680600579964934, 'hashtag_name': 'bookishvibes'}, {'hashtag_description': '', 'hashtag_id': 1667136835850245, 'hashtag_name': 'bookishpetpeeves'}, {'hashtag_description': '', 'hashtag_id': 1630806560103429, 'hashtag_name': 'bookishlife'}, {'hashtag_id': 1631639880696838, 'hashtag_name': 'bookstagrammer', 'hashtag_description': ''}, {'hashtag_description': '', 'hashtag_id': 1664760116897798, 'hashtag_name': 'readersofbooktok'}, {'hashtag_description': '', 'hashtag_id': 1652822271409157, 'hashtag_name': 'bookfyp'}, {'hashtag_description': '', 'hashtag_id': 7079679725907476486, 'hashtag_name': 'booktokkeruk'}, {'hashtag_description': '', 'hashtag_id': 1639268776501254, 'hashtag_name': 'readersoftiktok'}, {'hashtag_description': '', 'hashtag_id': 1671757528967173, 'hashtag_name': 'booktokuk'}, {'hashtag_description': '', 'hashtag_id': 1665700621348886, 'hashtag_name': 'booktokker'}, {'hashtag_description': 'Share with us your favourite book list and let us know what kind of books you like to read', 'hashtag_id': 22334901, 'hashtag_name': 'bookrecommendation'}, {'hashtag_description': '', 'hashtag_id': 1668952399709189, 'hashtag_name': 'bookhabits'}]"
"2"	"[]"		"False"	"bigfootscritters02"		"[{'sticker_id': 18, 'sticker_name': "I've made a few and so far alot of people have like them. "}, {'sticker_id': 18, 'sticker_name': 'Trying my hand at some ear rings for some craft fairs '}, {'sticker_id': 18, 'sticker_name': "These cuties just came in and I've already made over half. 😍 "}]"	"14"		"7241194928901000494"	"25"	"Love them so much. ##crafttokbusinesstok #bigfootscritters #earrings #earringlover #earringmaking #cuteearing #craftfairs #vendors #socute #dogearing "	"0"	"US"	"283"	"{'warn': False, 'content': '', 'sink': False, 'type': 0, 'vote': False}"	"0"	"['socute', 'earrings', 'earringlover', 'vendors', 'craftfairs', 'earringmaking', 'cuteearing', 'dogearing', 'crafttokbusinesstok', 'bigfootscritters']"	"7010743408968861697"	"1685972109"	"[{'hashtag_id': 12129, 'hashtag_name': 'socute', 'hashtag_description': ''}, {'hashtag_description': '', 'hashtag_id': 83218805, 'hashtag_name': 'craftfairs'}, {'hashtag_description': '', 'hashtag_id': 48590550, 'hashtag_name': 'earringlover'}, {'hashtag_description': '', 'hashtag_id': 1622248306688002, 'hashtag_name': 'cuteearing'}, {'hashtag_description': '', 'hashtag_id': 1694709624649734, 'hashtag_name': 'crafttokbusinesstok'}, {'hashtag_description': '', 'hashtag_id': 1594827562684422, 'hashtag_name': 'earringmaking'}, {'hashtag_description': '', 'hashtag_id': 1681540806317057, 'hashtag_name': 'dogearing'}, {'hashtag_description': '', 'hashtag_id': 69610601, 'hashtag_name': 'vendors'}, {'hashtag_description': '', 'hashtag_id': 7047965182387028014, 'hashtag_name': 'bigfootscritters'}, {'hashtag_description': '', 'hashtag_id': 108223, 'hashtag_name': 'earrings'}]"
"2"	"['steph ✨ 📚 (@starrysteph)']"		"False"	"sarahsbookstacks"	"I own 127 bookmarks but I still dog ear my books"	"[{'sticker_id': 18, 'sticker_name': '*STITCH INCOMING*'}, {'sticker_id': 20, 'sticker_name': ''}]"	"6"		"7247261473624427819"	"292"	"#stitch with @Steph 💫 📚 (@starrysteph) I like folding things ok??? #booktok #redflags #sarahsbookstacks #bookmarks #dogearing #dogearedpages #personallibrary "	"24"	"US"	"2232"	"{'content': '', 'sink': False, 'type': 0, 'vote': False, 'warn': False}"	"0"	"['stitch', 'bookmarks', 'redflags', 'personallibrary', 'booktok', 'dogearedpages', 'dogearing', 'sarahsbookstacks']"	"7247261474433862446"	"1687384565"	"[{'hashtag_name': 'Stitch', 'hashtag_description': 'Let your Fyp inspire your next TikTok by stitching your favorite &amp; most relatable videos. Just find a TikTok video you love, press share, and send it to Stitch. 😍', 'hashtag_id': 8288}, {'hashtag_id': 7659470, 'hashtag_name': 'redflags', 'hashtag_description': ''}, {'hashtag_description': '', 'hashtag_id': 7173026967141220394, 'hashtag_name': 'sarahsbookstacks'}, {'hashtag_description': '', 'hashtag_id': 280484, 'hashtag_name': 'bookmarks'}, {'hashtag_description': '', 'hashtag_id': 1672895852606469, 'hashtag_name': 'dogearedpages'}, {'hashtag_description': 'Calling all book lovers, join the #BookTok Post Contest from April 13th to May 11th for a chance to win $3000! Click here to join: https://vt.tiktok.com/ZSHgdjSGp/', 'hashtag_id': 1622962893630470, 'hashtag_name': 'BookTok'}, {'hashtag_name': 'dogearing', 'hashtag_description': '', 'hashtag_id': 1681540806317057}, {'hashtag_description': '', 'hashtag_id': 33252370, 'hashtag_name': 'personallibrary'}]"
"9"	"['Christopher M Tantillo']"		"False"	"christophermtantillo"	"hey besties it's your BookTok bestie question of the week where every Sunday I come on this app I ask the book related question tag a few my mutuals above and they in turn have to respond now you do not have to be tagged to play along all you have to do is respond below and I like and comment back or if you choose to make your own video just make sure you tag me and I like respond and repost anybody you tags me now last week I said over the course the next few weeks we're gonna be getting into some controversial booktok topics and this is gonna be week 2 so you want to see last week just scroll through my page so I want to know dog earring books do you do it If so why are you like this why I don't dog ear my books I use a bookmark you know like like a normal human uh but I wanna know no judgments here at all but um do you dogear your books why or why not until next Sunday don't forget to love yourself love each other keep reading don't dog ear "	"[{'sticker_id': 17, 'sticker_name': ''}, {'sticker_name': '', 'sticker_id': 8}, {'sticker_id': 8, 'sticker_name': ''}, {'sticker_id': 8, 'sticker_name': ''}, {'sticker_id': 8, 'sticker_name': ''}, {'sticker_name': '', 'sticker_id': 8}, {'sticker_id': 8, 'sticker_name': ''}, {'sticker_id': 20, 'sticker_name': ''}]"	"59"		"7246012867118402859"	"141"	"#question from @christophermtantillo  well…. Do you dogear your pages? Why or why not? #christophermtantillo #booktok #booktokfyp #books #bookcommunity #bookcommunityfyp #booktokcommunity #reader #readertok #readertokfyp #readersoftiktok #readersofbooktok #dogearing #bookish #bookie #bookworm #booklover #bookaddict #booknerd #bookclub #booksbooksbooks #ilovebooks #duetwithme #stitchthis #fyp #foryoupage #tagyourbestfriend #tagyourbestie #booktokbesties #qotw #questionoftheweek #booktokbestiequestionoftheweek #booktokquestions #bookishquestions #booktokchallenge "	"176"	"US"	"1087"	"{'content': '', 'sink': False, 'type': 0, 'vote': False, 'warn': False}"	"11"	"['bookworm', 'question', 'books', 'fyp', 'bookie', 'duetwithme', 'booknerd', 'reader', 'tagyourbestie', 'tagyourbestfriend', 'ilovebooks', 'qotw', 'booklover', 'bookclub', 'bookish', 'questionoftheweek', 'booksbooksbooks', 'bookaddict', 'stitchthis', 'foryoupage', 'booktok', 'bookcommunity', 'readersoftiktok', 'booktokchallenge', 'readersofbooktok', 'readertok', 'booktokfyp', 'booktokcommunity', 'booktokquestions', 'bookishquestions', 'dogearing', 'booktokbesties', 'readertokfyp', 'bookcommunityfyp', 'christophermtantillo', 'booktokbestiequestionoftheweek']"	"6817342688401033218"	"1687093870"	"[{'hashtag_name': 'reader', 'hashtag_description': '', 'hashtag_id': 454742}, {'hashtag_description': "To celebrate Book Lover's Day, show us some of your #bookish habits  📚💚", 'hashtag_id': 3133261, 'hashtag_name': 'Bookish'}, {'hashtag_id': 1505204, 'hashtag_name': 'qotw', 'hashtag_description': ''}, {'hashtag_description': 'What are you reading?', 'hashtag_id': 13057, 'hashtag_name': 'Bookworm'}, {'hashtag_description': 'In celebration of World Book Day, join the #BookLover Post Contest and post videos sharing why you love reading books, who are some of your favorite authors, and all things related to the joys of reading. From April 23rd until May 21st, sign up and post for a chance to win up to $5000 in cash! Click link for official contest rules and how to enter: https://vt.tiktok.com/ZMBp5eEwD/', 'hashtag_id': 1732644, 'hashtag_name': 'BookLover'}, {'hashtag_description': '', 'hashtag_id': 7217441017404850219, 'hashtag_name': 'booktokbestiequestionoftheweek'}, {'hashtag_description': '', 'hashtag_id': 17861, 'hashtag_name': 'books'}, {'hashtag_id': 14708702, 'hashtag_name': 'booksbooksbooks', 'hashtag_description': ''}, {'hashtag_description': '', 'hashtag_id': 1700743990196230, 'hashtag_name': 'bookcommunityfyp'}, {'hashtag_description': '', 'hashtag_id': 7193156546950332459, 'hashtag_name': 'christophermtantillo'}, {'hashtag_description': '', 'hashtag_id': 1692774849014790, 'hashtag_name': 'booktokbesties'}, {'hashtag_description': '', 'hashtag_id': 1673382503132166, 'hashtag_name': 'booktokquestions'}, {'hashtag_description': '', 'hashtag_id': 43903113, 'hashtag_name': 'stitchthis'}, {'hashtag_name': 'BookTok', 'hashtag_description': 'Calling all book lovers, join the #BookTok Post Contest from April 13th to May 11th for a chance to win $3000! Click here to join: https://vt.tiktok.com/ZSHgdjSGp/', 'hashtag_id': 1622962893630470}, {'hashtag_name': 'duetwithme', 'hashtag_description': '', 'hashtag_id': 309377}, {'hashtag_description': '', 'hashtag_id': 229207, 'hashtag_name': 'fyp'}, {'hashtag_description': '', 'hashtag_id': 770506, 'hashtag_name': 'ilovebooks'}, {'hashtag_description': '', 'hashtag_id': 1670322054393861, 'hashtag_name': 'booktokfyp'}, {'hashtag_name': 'question', 'hashtag_description': '', 'hashtag_id': 17800}, {'hashtag_description': '', 'hashtag_id': 330487, 'hashtag_name': 'booknerd'}, {'hashtag_description': '', 'hashtag_id': 497234, 'hashtag_name': 'tagyourbestie'}, {'hashtag_description': '', 'hashtag_id': 38673383, 'hashtag_name': 'bookaddict'}, {'hashtag_description': '', 'hashtag_id': 1694506786791430, 'hashtag_name': 'readertokfyp'}, {'hashtag_name': 'readersofbooktok', 'hashtag_description': '', 'hashtag_id': 1664760116897798}, {'hashtag_description': '', 'hashtag_id': 1667963164594182, 'hashtag_name': 'readertok'}, {'hashtag_name': 'foryoupage', 'hashtag_description': '', 'hashtag_id': 88764338}, {'hashtag_id': 1636598672466949, 'hashtag_name': 'bookcommunity', 'hashtag_description': ''}, {'hashtag_description': '', 'hashtag_id': 1671414083768326, 'hashtag_name': 'booktokcommunity'}, {'hashtag_name': 'readersoftiktok', 'hashtag_description': '', 'hashtag_id': 1639268776501254}, {'hashtag_description': '', 'hashtag_id': 255888, 'hashtag_name': 'bookie'}, {'hashtag_description': 'Explore another world without leaving the comfort of your home. Welcome to the #BookClub 📚', 'hashtag_id': 2103574, 'hashtag_name': 'BookClub'}, {'hashtag_description': '', 'hashtag_id': 1681540806317057, 'hashtag_name': 'dogearing'}, {'hashtag_description': '', 'hashtag_id': 506718, 'hashtag_name': 'tagyourbestfriend'}, {'hashtag_name': 'BookTokChallenge', 'hashtag_description': 'Share your favourite book reviews with #BookTokChallenge.', 'hashtag_id': 1663416938019846}, {'hashtag_description': '', 'hashtag_id': 1674507680837638, 'hashtag_name': 'bookishquestions'}, {'hashtag_id': 5642462, 'hashtag_name': 'questionoftheweek', 'hashtag_description': ''}]"
"1"	"[]"		"False"	"the.novel.nerd"	"let's talk about my physical book icks or things I can tell you with pretty solid certainty that I plan to never do to my own physical books now I'm gonna say this now that we don't have to repeat myself later but if you do any of these things that is totally fine there's no judgment these are just the things that make me feel physically ill thinking about doing to my own books so to start it off strong breaking the spines are you really telling me there are people here who just and like break a book open no literally like I said makes me wanna throw up I have explained before that I can barely like I need to read like this the idea of breaking a spine just hurts my body and soul and the only thing I would ever consider doing that I have seen some people do to sort of break the spine or open the book up a little bit is doing that thing where you take each cover down and then slowly bring pages down and press things down and that way you've sort of got a floppier more open book but even that scares me a little I do not want creases here cracks it's just a personal preference I can't do it so next in this is probably my least favorite one and maybe the only one I would judge you for because look if you are dogearing your pages like I said I it makes me want to barf like use anything it does not matter if you don't have money and you don't have fancy bookmarks like you know I have a couple here which is fun and all you can use a piece of toilet paper you can use a tissue you can use a banana a phone it does not matter but if you're still out here folding your pages over and like bending the pages in your book please please seek help now when it comes to annotating books I have made a video about how I'm tabbed my first book but literally all that involved was putting tabs inside the pages where I found quotes that I liked and wanted to remember even then I don't write on the tabs but anytime I see someone really highlighting or writing in the books it just hurts everything in me like I maybe it's from like when I was younger and people writing in textbooks I just hated when they would do that and then I would try to read through their writing over the history textbook you know what I mean there's always been something in me that cannot stand writing in books and the same you know is the case now I just can't understand people who are doing something so permanent you are highlighting and writing in pen in that book and that cannot be undone I I just don't think I will ever do it or get used to it I think I can only tab that's like the most I can do alright so this last one here is less about like a singular book and what you might be doing to that book and more about organization of your shelf but if you organize your books by color I just I I don't really get it now look I am Type A I'm very organized I get the aesthetic view of it I love color coding things I'm literally the kid who used to put her M&M’s in color coded order before I would eat them so I sort of get that but you're telling me that you have like a four or five book series let's just use ACOTAR for example and all the books are different colors and you're telling me that you have them all separated at different parts of your shelf so anytime you wanna read the series you're having to pull them out from different parts I it like hurts my brain so yeah take all that with what you will but I will not be doing any of that anytime soon to any of my books"	"[{'sticker_id': 18, 'sticker_name': '3:07⏱️'}, {'sticker_id': 18, 'sticker_name': 'Physical Book Icks'}, {'sticker_id': 18, 'sticker_name': '3. Highlighting/writing in books'}, {'sticker_id': 18, 'sticker_name': '1. Breaking the spine'}, {'sticker_name': '4. Organizing books by \ncolor', 'sticker_id': 18}, {'sticker_id': 18, 'sticker_name': '2. Dogearing pages'}, {'sticker_id': 20, 'sticker_name': ''}]"	"187"	"[{'effect_name': 'Lite Foundation', 'effect_photo_url': 'e7b464913a471c5b2b2fb8f9f14f352a', 'effect_id': 11794431}]"	"7283276297969847598"	"65"	"Sorry to any book friends out there who do any of these things, it’s just a personal preference 😅 #fyp #foryoupage #BookTok #booktok #bookish #bookworm #books #reader #bookicks #physicalbooks #breakingthespine #dogearing #writinginbooks #colorcoding "	"27"	"US"	"644"	"{'content': '', 'sink': False, 'type': 0, 'vote': False, 'warn': False}"	"0"	"['bookworm', 'books', 'fyp', 'reader', 'bookish', 'colorcoding', 'foryoupage', 'booktok', 'writinginbooks', 'physicalbooks', 'dogearing', 'bookicks', 'breakingthespine']"	"7283276344522312490"	"1695769919"	"[{'hashtag_description': '', 'hashtag_id': 1664915715887110, 'hashtag_name': 'writinginbooks'}, {'hashtag_description': '', 'hashtag_id': 30832607, 'hashtag_name': 'colorcoding'}, {'hashtag_description': "To celebrate Book Lover's Day, show us some of your #bookish habits  📚💚", 'hashtag_id': 3133261, 'hashtag_name': 'Bookish'}, {'hashtag_id': 13057, 'hashtag_name': 'Bookworm', 'hashtag_description': 'What are you reading?'}, {'hashtag_description': '', 'hashtag_id': 1681540806317057, 'hashtag_name': 'dogearing'}, {'hashtag_description': '', 'hashtag_id': 229207, 'hashtag_name': 'fyp'}, {'hashtag_id': 17861, 'hashtag_name': 'books', 'hashtag_description': ''}, {'hashtag_id': 88764338, 'hashtag_name': 'foryoupage', 'hashtag_description': ''}, {'hashtag_id': 1622962893630470, 'hashtag_name': 'BookTok', 'hashtag_description': 'Calling all book lovers, join the #BookTok Post Contest from April 13th to May 11th for a chance to win $3000! Click here to join: https://vt.tiktok.com/ZSHgdjSGp/'}, {'hashtag_name': 'reader', 'hashtag_description': '', 'hashtag_id': 454742}, {'hashtag_description': '', 'hashtag_id': 1691052447715333, 'hashtag_name': 'bookicks'}, {'hashtag_name': 'breakingthespine', 'hashtag_description': '', 'hashtag_id': 7078730596763041798}, {'hashtag_description': '', 'hashtag_id': 1669226301803525, 'hashtag_name': 'physicalbooks'}]"
"3"	"[]"		"False"	"izzys_internet_bookshelf"	"Obviously don't go and do that. You do whatever you like. We can't condone anything of the sort. No, we can't. Live. Live"	"[{'sticker_id': 18, 'sticker_name': 'When people tell you not to annotate and dog ear your books'}]"	"7"	"nan"	"7278638763679681838"	"132"	"#fyp #foryoupage #booktok #bookishproblems #dogearingbooks #dogearing #annotating #annotatedbooks #aesthetic #bookaesthetics "	"1"	"US"	"1267"	"{'vote': False, 'warn': False, 'content': '', 'sink': False, 'type': 0}"	"1"	"['aesthetic', 'fyp', 'annotating', 'bookishproblems', 'bookaesthetics', 'foryoupage', 'booktok', 'dogearing', 'annotatedbooks', 'dogearingbooks']"	"7274111047131319086"	"1694690162"	"[{'hashtag_description': '', 'hashtag_id': 30267441, 'hashtag_name': 'bookishproblems'}, {'hashtag_description': '', 'hashtag_id': 7139418761135652866, 'hashtag_name': 'dogearingbooks'}, {'hashtag_description': '', 'hashtag_id': 1681540806317057, 'hashtag_name': 'dogearing'}, {'hashtag_description': '', 'hashtag_id': 3654421, 'hashtag_name': 'annotating'}, {'hashtag_description': 'Calling all book lovers, join the #BookTok Post Contest from April 13th to May 11th for a chance to win $3000! Click here to join: https://vt.tiktok.com/ZSHgdjSGp/', 'hashtag_id': 1622962893630470, 'hashtag_name': 'BookTok'}, {'hashtag_description': '', 'hashtag_id': 88764338, 'hashtag_name': 'foryoupage'}, {'hashtag_description': '', 'hashtag_id': 87461007, 'hashtag_name': 'bookaesthetics'}, {'hashtag_description': '', 'hashtag_id': 1683497041619969, 'hashtag_name': 'annotatedbooks'}, {'hashtag_description': "Art is the imposing of a pattern on experience, and our #Aesthetic enjoyment is recognition of the pattern. Create your aesthetic video. Can't wait to see your creative ideas.", 'hashtag_id': 22816, 'hashtag_name': 'Aesthetic'}, {'hashtag_name': 'fyp', 'hashtag_description': '', 'hashtag_id': 229207}]"
"0"	"[]"		"False"	"onceuponabooksta"	"nan"	"[{'sticker_id': 18, 'sticker_name': 'People who use bookmarks'}, {'sticker_name': 'There are two kind of people in this world', 'sticker_id': 18}, {'sticker_id': 18, 'sticker_name': 'and ..MONSTERSSS'}]"	"8"	"nan"	"7278255295929830657"	"64"	"Bookmarker or a MONSTER? #book #books #bookmark #bookmarks #dogear #dogearing #bookworm #page #pages #read #reader #booktok #bookstagram "	"1"	"JO"	"807"	"{'content': '', 'sink': False, 'type': 0, 'vote': False, 'warn': False}"	"3"	"['bookworm', 'books', 'read', 'page', 'book', 'bookmarks', 'pages', 'reader', 'bookmark', 'bookstagram', 'dogear', 'booktok', 'dogearing']"	"7278255327781391105"	"1694600870"	"[{'hashtag_description': '', 'hashtag_id': 3008601, 'hashtag_name': 'bookmark'}, {'hashtag_description': '', 'hashtag_id': 1681540806317057, 'hashtag_name': 'dogearing'}, {'hashtag_description': '', 'hashtag_id': 10753240, 'hashtag_name': 'dogear'}, {'hashtag_name': 'BookTok', 'hashtag_description': 'Calling all book lovers, join the #BookTok Post Contest from April 13th to May 11th for a chance to win $3000! Click here to join: https://vt.tiktok.com/ZSHgdjSGp/', 'hashtag_id': 1622962893630470}, {'hashtag_description': '', 'hashtag_id': 5956262, 'hashtag_name': 'bookstagram'}, {'hashtag_description': '', 'hashtag_id': 65021, 'hashtag_name': 'page'}, {'hashtag_name': 'book', 'hashtag_description': '', 'hashtag_id': 94639}, {'hashtag_description': '', 'hashtag_id': 280484, 'hashtag_name': 'bookmarks'}, {'hashtag_description': '', 'hashtag_id': 310863, 'hashtag_name': 'pages'}, {'hashtag_description': '', 'hashtag_id': 22301, 'hashtag_name': 'read'}, {'hashtag_name': 'reader', 'hashtag_description': '', 'hashtag_id': 454742}, {'hashtag_description': '', 'hashtag_id': 17861, 'hashtag_name': 'books'}, {'hashtag_description': 'What are you reading?', 'hashtag_id': 13057, 'hashtag_name': 'Bookworm'}]"
"11"	"[]"		"False"	"lenisbookchaos"		"[{'sticker_id': 18, 'sticker_name': '"i dont think dog earing your book pages is that bad"'}]"	"7"	"[{'effect_id': 8336984, 'effect_name': 'PRETTY BABE x LASHES', 'effect_photo_url': '659524b09c4c00db47ae58e3f44bfd06'}]"	"7317657626987203872"	"559"	"jail time for you bro #booktok #bookish #lenisbookchaos #bookishhumor #bookworm #dogearing #reading #bookshelf "	"16"	"CH"	"5004"	"{'type': 0, 'vote': False, 'warn': False, 'content': '', 'sink': False}"	"7"	"['reading', 'bookworm', 'bookish', 'bookshelf', 'booktok', 'bookishhumor', 'dogearing', 'lenisbookchaos']"	"6992552851079957254"	"1703774945"	"[{'hashtag_description': "To celebrate Book Lover's Day, show us some of your #bookish habits  📚💚", 'hashtag_id': 3133261, 'hashtag_name': 'Bookish'}, {'hashtag_description': '', 'hashtag_id': 7294691970536964128, 'hashtag_name': 'lenisbookchaos'}, {'hashtag_description': '', 'hashtag_id': 10705, 'hashtag_name': 'reading'}, {'hashtag_description': '', 'hashtag_id': 5954791, 'hashtag_name': 'bookshelf'}, {'hashtag_name': 'dogearing', 'hashtag_description': '', 'hashtag_id': 1681540806317057}, {'hashtag_name': 'Bookworm', 'hashtag_description': 'What are you reading?', 'hashtag_id': 13057}, {'hashtag_description': '', 'hashtag_id': 1678940130961413, 'hashtag_name': 'bookishhumor'}, {'hashtag_description': 'Calling all book lovers, join the #BookTok Post Contest from April 13th to May 11th for a chance to win $3000! Click here to join: https://vt.tiktok.com/ZSHgdjSGp/', 'hashtag_id': 1622962893630470, 'hashtag_name': 'BookTok'}]"
"23"	"[]"		"False"	"books.and.stuff13"	"Absolutely not. Absolutely not. Turn around. Full U turn."	"[{'sticker_id': 18, 'sticker_name': 'when someone \ndog-ears a page'}]"	"5"		"7348080693752253728"	"312"	"Unrelated but lets not read the page i made this video with🤭 #booktok #books #booktokfyp #trilogy #reading #spicy #bookss #booktokpage #read #nookshelf #tbr #dogearingbooks #dogearing "	"32"	"NL"	"3975"	"{'type': 0, 'vote': False, 'warn': False, 'content': '', 'sink': False}"	"4"	"['reading', 'books', 'read', 'trilogy', 'tbr', 'spicy', 'bookss', 'booktok', 'booktokfyp', 'dogearing', 'booktokpage', 'nookshelf', 'dogearingbooks']"	"7338079259002506026"	"1710858371"	"[{'hashtag_description': '', 'hashtag_id': 10705, 'hashtag_name': 'reading'}, {'hashtag_description': '', 'hashtag_id': 16212184, 'hashtag_name': 'bookss'}, {'hashtag_description': '', 'hashtag_id': 7139418761135652866, 'hashtag_name': 'dogearingbooks'}, {'hashtag_description': '', 'hashtag_id': 1681540806317057, 'hashtag_name': 'dogearing'}, {'hashtag_description': 'Calling all book lovers, join the #BookTok Post Contest from April 13th to May 11th for a chance to win $3000! Click here to join: https://vt.tiktok.com/ZSHgdjSGp/', 'hashtag_id': 1622962893630470, 'hashtag_name': 'BookTok'}, {'hashtag_description': '', 'hashtag_id': 81156, 'hashtag_name': 'spicy'}, {'hashtag_name': 'read', 'hashtag_description': '', 'hashtag_id': 22301}, {'hashtag_description': '', 'hashtag_id': 38571, 'hashtag_name': 'trilogy'}, {'hashtag_description': '', 'hashtag_id': 1681715283323909, 'hashtag_name': 'booktokpage'}, {'hashtag_description': '', 'hashtag_id': 1697685771687941, 'hashtag_name': 'nookshelf'}, {'hashtag_description': '', 'hashtag_id': 75756, 'hashtag_name': 'tbr'}, {'hashtag_description': '', 'hashtag_id': 17861, 'hashtag_name': 'books'}, {'hashtag_name': 'booktokfyp', 'hashtag_description': '', 'hashtag_id': 1670322054393861}]"
"3"	"[]"		"False"	"bookishphytophile"			"9"		"7384239442254515486"	"37"	"You couldn’t find a receipt or SOMETHING 😭😭😭 #DogEaring #DogEaringBooks #Booktok #Books #IllFindYouABookmark "	"1"	"US"	"343"	"{'content': '', 'sink': False, 'type': 0, 'vote': False, 'warn': False}"	"4"	"['books', 'booktok', 'dogearing', 'dogearingbooks', 'illfindyouabookmark']"	"7374359360145705761"	"1719277252"	"[{'hashtag_description': '', 'hashtag_id': 7384237239083434014, 'hashtag_name': 'illfindyouabookmark'}, {'hashtag_description': '', 'hashtag_id': 1681540806317057, 'hashtag_name': 'dogearing'}, {'hashtag_description': '', 'hashtag_id': 7139418761135652866, 'hashtag_name': 'dogearingbooks'}, {'hashtag_description': 'Calling all book lovers, join the #BookTok Post Contest from April 13th to May 11th for a chance to win $3000! Click here to join: https://vt.tiktok.com/ZSHgdjSGp/', 'hashtag_id': 1622962893630470, 'hashtag_name': 'BookTok'}, {'hashtag_description': '', 'hashtag_id': 17861, 'hashtag_name': 'books'}]"
"1"	"[]"		"False"	"limondoberman"			"5"		"7450665941014154502"	"66"	"Tasty treat … crunchy #doggo #dogtreats #doberman #ASMR #dogearing #dobermann #dobermanlover"	"0"	"MX"	"4812"	"{'content': '', 'sink': False, 'type': 0, 'vote': False, 'warn': False}"	"1"	"['doberman', 'dogtreats', 'doggo', 'asmr', 'dobermann', 'dobermanlover', 'dogearing']"	"7450665948238514949"	"1734743356"	"[{'hashtag_description': 'All the soothing sounds you need to massage your brain.', 'hashtag_id': 1248236, 'hashtag_name': 'ASMR'}, {'hashtag_id': 1681540806317057, 'hashtag_name': 'dogearing', 'hashtag_description': ''}, {'hashtag_description': '', 'hashtag_id': 5627014, 'hashtag_name': 'dobermann'}, {'hashtag_description': '', 'hashtag_id': 11921735, 'hashtag_name': 'dobermanlover'}, {'hashtag_name': 'doggo', 'hashtag_description': '', 'hashtag_id': 993886}, {'hashtag_description': '', 'hashtag_id': 471403, 'hashtag_name': 'dogtreats'}, {'hashtag_id': 175025, 'hashtag_name': 'doberman', 'hashtag_description': ''}]"